City,Country,Latitude,Longitude,Date/Time,Temperature (F),Humidity (%),Wind Speed (mph),Cloud Cover (%)
Gigmoto,PH,13.78,124.39,Sun Mar 31 11:10:22 2019,74.77,100,7.4,8
Atuona,PF,-9.8,-139.03,Sun Mar 31 11:08:51 2019,81.52,100,13.0,68
Pimentel,BR,-3.7,-45.5,Sun Mar 31 11:10:22 2019,85.03,79,3.71,56
Christchurch,NZ,-43.53,172.64,Sun Mar 31 11:07:38 2019,63.61,72,19.46,92
Lagoa,PT,37.14,-8.45,Sun Mar 31 11:02:14 2019,62.15,77,4.7,75
Ilulissat,GL,69.22,-51.1,Sun Mar 31 09:50:00 2019,17.6,78,18.34,75
Ushuaia,AR,-54.81,-68.31,Sun Mar 31 10:00:00 2019,51.8,71,11.41,75
New Norfolk,AU,-42.78,147.06,Sun Mar 31 11:10:14 2019,48.58,57,4.7,20
Pevek,RU,69.7,170.27,Sun Mar 31 11:09:10 2019,-6.95,60,5.61,0
Esperance,TT,10.24,-61.45,Sun Mar 31 11:01:06 2019,87.64,59,14.99,40
Tuktoyaktuk,CA,69.44,-133.03,Sun Mar 31 10:00:00 2019,28.4,92,17.22,90
Bluff,AU,-23.58,149.07,Sun Mar 31 11:08:52 2019,54.61,62,9.42,0
Punta Arenas,CL,-53.16,-70.91,Sun Mar 31 11:02:26 2019,56.16,62,11.41,75
Visby,SE,57.64,18.3,Sun Mar 31 11:01:53 2019,40.5,69,8.05,0
Castro,CL,-42.48,-73.76,Sun Mar 31 10:00:00 2019,53.6,100,4.7,90
Kavaratti,IN,10.57,72.64,Sun Mar 31 11:10:25 2019,83.95,100,9.98,0
Ancud,CL,-41.87,-73.83,Sun Mar 31 10:00:00 2019,53.6,100,4.7,90
Zhigansk,RU,66.77,123.37,Sun Mar 31 11:10:26 2019,16.81,80,6.29,80
Dibulla,CO,11.27,-73.31,Sun Mar 31 10:00:00 2019,84.2,70,11.41,75
Naze,NG,5.43,7.07,Sun Mar 31 10:00:00 2019,89.6,62,5.82,75
Rikitea,PF,-23.12,-134.97,Sun Mar 31 11:08:46 2019,76.66,100,19.48,56
Kushnarenkovo,RU,55.11,55.34,Sun Mar 31 10:00:00 2019,37.0,80,13.0,0
Vaini,IN,15.34,74.49,Sun Mar 31 11:08:47 2019,72.7,83,3.38,0
Jamestown,AU,-33.21,138.6,Sun Mar 31 11:08:49 2019,41.2,84,2.71,0
Ossora,RU,59.24,163.07,Sun Mar 31 11:09:33 2019,29.23,93,11.54,88
Hobart,AU,-42.88,147.33,Sun Mar 31 11:03:15 2019,48.58,57,4.7,20
Cape Town,ZA,-33.93,18.42,Sun Mar 31 11:06:06 2019,64.06,59,10.29,40
Chokurdakh,RU,70.62,147.9,Sun Mar 31 11:03:23 2019,10.69,66,2.93,44
Fairbanks,US,64.84,-147.72,Sun Mar 31 11:01:37 2019,24.46,100,4.72,1
Coxim,BR,-18.5,-54.75,Sun Mar 31 11:10:28 2019,97.81,31,3.83,12
Upernavik,GL,72.79,-56.15,Sun Mar 31 11:08:55 2019,10.33,100,7.18,56
Buraydah,SA,26.33,43.97,Sun Mar 31 10:00:00 2019,77.0,73,4.7,75
Qaanaaq,GL,77.48,-69.36,Sun Mar 31 10:57:29 2019,-2.09,80,5.84,24
Bethel,US,60.79,-161.76,Sun Mar 31 09:56:00 2019,26.15,92,4.7,1
Mmabatho,ZA,-25.85,25.61,Sun Mar 31 10:00:00 2019,84.2,26,4.7,40
Albany,US,42.65,-73.75,Sun Mar 31 11:07:05 2019,38.71,80,10.29,90
Beloha,MG,-25.17,45.06,Sun Mar 31 11:10:30 2019,69.55,80,5.39,0
Saint-Cyr-sur-Loire,FR,47.41,0.67,Sun Mar 31 11:09:08 2019,66.79,37,10.29,0
Arraial do Cabo,BR,-22.97,-42.02,Sun Mar 31 10:00:00 2019,81.54,57,6.93,20
Busselton,AU,-33.64,115.35,Sun Mar 31 11:05:24 2019,67.98,32,7.74,88
Mataura,NZ,-46.19,168.86,Sun Mar 31 11:00:08 2019,64.0,67,8.01,36
Yellowknife,CA,62.45,-114.38,Sun Mar 31 11:07:09 2019,33.01,93,12.75,75
Havelock,US,34.88,-76.9,Sun Mar 31 11:10:10 2019,72.59,68,24.16,1
Faanui,PF,-16.48,-151.75,Sun Mar 31 11:10:32 2019,83.05,100,4.5,64
Huarmey,PE,-10.07,-78.15,Sun Mar 31 11:10:32 2019,79.0,58,4.61,12
Anloga,GH,5.79,0.9,Sun Mar 31 10:00:00 2019,87.8,79,17.22,20
Leh,IN,34.16,77.58,Sun Mar 31 11:05:54 2019,6.37,80,1.92,68
Ponta do Sol,BR,-20.63,-46.0,Sun Mar 31 11:08:50 2019,82.87,55,4.5,0
Kodiak,US,39.95,-94.76,Sun Mar 31 11:10:13 2019,35.67,22,6.93,1
Necochea,AR,-38.55,-58.74,Sun Mar 31 11:06:08 2019,83.28,54,3.0,0
Cayenne,GF,4.94,-52.33,Sun Mar 31 10:30:00 2019,87.8,58,11.41,32
Khatanga,RU,71.98,102.47,Sun Mar 31 11:11:34 2019,30.22,89,15.68,64
Aneho,TG,6.23,1.6,Sun Mar 31 10:00:00 2019,87.8,79,17.22,20
Nikolskoye,RU,59.7,30.79,Sun Mar 31 11:06:04 2019,35.65,86,11.18,75
Port Alfred,ZA,-33.59,26.89,Sun Mar 31 11:08:56 2019,70.27,89,3.6,100
Anito,PH,12.45,125.29,Sun Mar 31 11:11:35 2019,78.73,97,9.75,0
Torbay,CA,47.66,-52.73,Sun Mar 31 11:02:08 2019,55.6,54,18.34,40
Gold Coast,AU,-28.0,153.41,Sun Mar 31 11:10:49 2019,61.39,77,3.36,0
Puerto Ayora,EC,-0.74,-90.35,Sun Mar 31 11:01:30 2019,81.81,74,10.29,20
Erdenet,MN,49.03,104.04,Sun Mar 31 11:11:36 2019,22.3,58,3.71,24
Georgetown,GY,6.8,-58.16,Sun Mar 31 10:00:00 2019,89.6,59,13.87,75
Iqaluit,CA,63.75,-68.52,Sun Mar 31 11:02:01 2019,10.22,78,12.75,90
Vila Velha,BR,-3.71,-38.6,Sun Mar 31 10:50:01 2019,83.82,100,1.99,8
Ostrovnoy,RU,68.05,39.51,Sun Mar 31 11:09:22 2019,24.1,81,15.79,12
Kapaa,US,22.08,-159.32,Sun Mar 31 09:56:00 2019,64.6,82,6.93,40
Brae,GB,60.4,-1.35,Sun Mar 31 10:50:00 2019,43.72,81,23.04,64
Ihosy,MG,-22.4,46.13,Sun Mar 31 11:11:37 2019,65.05,60,3.04,0
Cidreira,BR,-30.17,-50.22,Sun Mar 31 11:11:20 2019,81.43,72,5.17,56
Umm Kaddadah,SD,13.6,26.69,Sun Mar 31 11:11:37 2019,76.57,15,8.3,0
Kurchum,KZ,48.57,83.65,Sun Mar 31 11:11:38 2019,36.97,79,1.7,36
Dakar,SN,14.69,-17.45,Sun Mar 31 10:30:00 2019,75.13,50,24.16,0
Hilo,US,19.71,-155.08,Sun Mar 31 11:04:24 2019,64.02,82,4.7,75
Sao Filipe,CV,14.9,-24.5,Sun Mar 31 11:11:38 2019,72.25,91,17.47,0
Toktogul,KG,41.87,72.95,Sun Mar 31 11:11:38 2019,25.27,83,0.92,0
Sioux Lookout,CA,50.1,-91.92,Sun Mar 31 10:00:00 2019,27.99,46,6.93,40
Muscat,OM,23.6,58.55,Sun Mar 31 09:50:00 2019,80.6,69,5.82,0
Butaritari,KI,3.07,172.79,Sun Mar 31 11:09:03 2019,81.79,100,15.23,76
Cabinda,AO,-5.56,12.19,Sun Mar 31 11:11:40 2019,84.31,97,9.31,44
Port Blair,IN,11.67,92.75,Sun Mar 31 11:11:40 2019,84.13,100,6.06,0
Mahebourg,MU,-20.41,57.7,Sun Mar 31 11:09:03 2019,79.63,69,3.49,40
Vila Franca do Campo,PT,37.72,-25.43,Sun Mar 31 11:09:41 2019,56.98,72,18.34,40
Plaster Rock,CA,46.91,-67.4,Sun Mar 31 11:11:13 2019,49.57,87,14.99,90
Yumen,CN,40.29,97.04,Sun Mar 31 11:11:41 2019,32.47,62,1.7,8
Dikson,RU,73.51,80.55,Sun Mar 31 11:09:19 2019,29.5,94,22.06,44
Richards Bay,ZA,-28.77,32.06,Sun Mar 31 11:11:42 2019,78.55,67,10.42,8
Porto Nacional,BR,-10.7,-48.41,Sun Mar 31 10:00:00 2019,89.6,59,8.05,40
Lincoln,GB,53.23,-0.54,Sun Mar 31 11:11:07 2019,46.99,70,12.75,75
Yarada,IN,17.65,83.27,Sun Mar 31 10:30:00 2019,84.2,79,6.93,0
Ban Tak,TH,17.04,99.08,Sun Mar 31 11:11:43 2019,72.52,59,3.49,20
Ranong,TH,9.96,98.62,Sun Mar 31 11:11:43 2019,83.86,98,4.83,20
Barrow,AR,-38.31,-60.23,Sun Mar 31 11:11:44 2019,83.5,38,7.74,12
Saint-Philippe,CA,45.36,-73.48,Sun Mar 31 11:08:53 2019,33.87,90,12.75,90
Caraballeda,VE,10.61,-66.85,Sun Mar 31 11:11:44 2019,79.81,91,15.46,0
Taoudenni,ML,22.68,-3.98,Sun Mar 31 11:11:45 2019,76.66,37,10.31,0
Tasiilaq,GL,65.61,-37.64,Sun Mar 31 09:50:00 2019,24.8,79,31.09,56
Acapulco,MX,16.86,-99.88,Sun Mar 31 09:43:00 2019,82.4,65,8.05,5
Ugoofaaru,MV,5.67,73.0,Sun Mar 31 11:11:46 2019,84.85,100,0.81,0
San Quintin,PH,17.54,120.52,Sun Mar 31 11:11:46 2019,71.35,90,3.15,64
Kizukuri,JP,40.81,140.39,Sun Mar 31 11:10:08 2019,31.05,80,10.0,88
Manzanillo,CU,20.34,-77.12,Sun Mar 31 11:11:47 2019,82.33,92,3.38,0
Chandrapur,IN,19.95,79.3,Sun Mar 31 11:11:47 2019,70.45,77,4.83,44
Somanda,TZ,-3.37,33.95,Sun Mar 31 11:11:48 2019,70.27,85,1.92,12
Laguna,MX,27.52,-110.01,Sun Mar 31 09:42:00 2019,75.2,27,2.24,5
Adre,TD,13.47,22.2,Sun Mar 31 11:11:48 2019,78.55,51,2.93,0
Matagami,NG,9.67,8.4,Sun Mar 31 11:12:49 2019,85.75,22,7.29,0
Kununurra,AU,-15.77,128.74,Sun Mar 31 10:30:00 2019,68.0,68,8.75,0
Sao Joao da Barra,BR,-21.64,-41.05,Sun Mar 31 10:00:00 2019,86.0,45,4.7,40
Nuuk,GL,64.17,-51.74,Sun Mar 31 09:50:00 2019,23.0,62,20.8,75
Aklavik,CA,68.22,-135.01,Sun Mar 31 10:50:00 2019,37.94,94,16.11,90
Gavle,SE,60.67,17.14,Sun Mar 31 11:12:31 2019,41.0,30,7.0,20
Yima,CN,34.75,111.87,Sun Mar 31 11:12:50 2019,31.57,45,1.81,0
Tevaitoa,PF,-16.78,-151.5,Sun Mar 31 11:12:51 2019,83.23,100,2.71,12
Hithadhoo,MV,-0.6,73.08,Sun Mar 31 11:08:50 2019,83.86,100,5.95,12
Bam,IR,29.11,58.36,Sun Mar 31 11:12:51 2019,62.17,45,5.5,12
Longyearbyen,NO,78.22,15.63,Sun Mar 31 10:20:00 2019,6.8,65,6.93,20
Carnarvon,ZA,-30.97,22.13,Sun Mar 31 11:12:52 2019,71.26,33,15.01,8
Loandjili,CG,-4.77,11.87,Sun Mar 31 10:00:00 2019,87.8,66,4.7,20
The Pas,CA,53.82,-101.24,Sun Mar 31 10:00:00 2019,28.4,58,11.41,75
Karratha,AU,-20.74,116.85,Sun Mar 31 11:12:52 2019,73.24,71,3.04,8
Kahului,US,20.89,-156.47,Sun Mar 31 11:00:47 2019,63.91,82,5.82,20
Caravelas,BR,-17.73,-39.27,Sun Mar 31 11:12:53 2019,81.52,100,15.46,0
Hambantota,LK,6.12,81.12,Sun Mar 31 11:12:53 2019,82.33,100,7.63,0
Bambous Virieux,MU,-20.34,57.76,Sun Mar 31 11:09:03 2019,79.75,69,3.49,40
Moron,VE,10.49,-68.2,Sun Mar 31 11:12:54 2019,76.75,88,3.04,68
Dharmanagar,IN,24.37,92.17,Sun Mar 31 11:12:54 2019,67.93,97,3.6,92
Kiunga,PG,-6.12,141.3,Sun Mar 31 11:12:55 2019,73.69,97,1.25,92
Khor,RU,47.88,134.96,Sun Mar 31 11:12:55 2019,2.05,58,4.05,0
Cabo San Lucas,MX,22.89,-109.91,Sun Mar 31 11:10:25 2019,79.57,38,3.71,5
Mar del Plata,AR,-46.43,-67.52,Sun Mar 31 11:12:55 2019,75.94,28,11.21,0
Wailuku,US,20.89,-156.51,Sun Mar 31 11:10:47 2019,63.52,82,5.82,20
Maracacume,BR,-2.04,-45.96,Sun Mar 31 11:11:05 2019,76.48,100,3.71,92
Bundi,IN,25.44,75.64,Sun Mar 31 11:12:56 2019,70.36,56,3.38,0
Ahipara,NZ,-35.17,173.16,Sun Mar 31 11:09:26 2019,67.3,99,10.09,92
Hamilton,CA,43.26,-79.87,Sun Mar 31 11:08:59 2019,33.85,86,10.29,90
Camocim,BR,-2.9,-40.84,Sun Mar 31 11:12:57 2019,81.25,100,6.4,76
Isangel,VU,-19.55,169.27,Sun Mar 31 11:09:31 2019,78.73,100,11.21,68
Anderson,US,34.51,-82.65,Sun Mar 31 11:15:00 2019,60.06,42,14.99,1
Warrington,GB,53.39,-2.59,Sun Mar 31 11:12:35 2019,49.64,65,14.99,20
Mount Gambier,AU,-37.83,140.78,Sun Mar 31 10:00:00 2019,50.0,100,2.04,90
Flin Flon,CA,54.77,-101.88,Sun Mar 31 10:00:00 2019,28.4,46,18.34,90
Lebu,ET,8.96,38.73,Sun Mar 31 11:09:22 2019,62.53,51,4.72,32
Mendi,ET,9.8,35.1,Sun Mar 31 11:12:59 2019,69.82,36,4.38,0
Flinders,AU,-34.58,150.85,Sun Mar 31 11:11:38 2019,54.45,71,10.29,32
East London,ZA,-33.02,27.91,Sun Mar 31 10:00:00 2019,69.8,83,5.82,40
Chanika,MW,-12.93,34.19,Sun Mar 31 11:13:00 2019,72.52,94,2.93,0
Nouadhibou,MR,20.93,-17.03,Sun Mar 31 10:00:00 2019,71.6,60,21.92,0
Bhachau,IN,23.3,70.35,Sun Mar 31 11:13:00 2019,80.89,30,10.54,0
Kavieng,PG,-2.57,150.8,Sun Mar 31 11:13:00 2019,81.16,100,9.19,92
Hermanus,ZA,-34.42,19.24,Sun Mar 31 11:01:41 2019,64.0,69,5.99,12
Sayyan,YE,15.17,44.32,Sun Mar 31 11:13:01 2019,60.73,36,5.84,0
Gualaquiza,EC,-3.4,-78.58,Sun Mar 31 11:13:01 2019,70.27,78,2.15,80
Saskylakh,RU,71.97,114.09,Sun Mar 31 11:13:02 2019,18.7,73,12.66,0
Mutis,CO,6.23,-77.4,Sun Mar 31 11:13:02 2019,77.02,92,7.4,88
Ferme-Neuve,CA,46.7,-75.45,Sun Mar 31 11:11:34 2019,30.22,71,10.31,80
Dongsheng,CN,29.72,112.52,Sun Mar 31 11:14:02 2019,47.32,82,2.37,0
Biala Podlaska,PL,52.03,23.12,Sun Mar 31 11:14:03 2019,49.57,50,15.79,0
Uruzgan,AF,32.93,66.63,Sun Mar 31 11:14:03 2019,30.49,68,1.7,8
Roald,NO,62.58,6.12,Sun Mar 31 11:10:03 2019,34.57,64,14.99,75
Pangnirtung,CA,66.15,-65.72,Sun Mar 31 10:00:00 2019,6.8,71,5.82,40
Berlevag,NO,70.86,29.09,Sun Mar 31 09:50:00 2019,28.4,86,40.26,40
Port Elizabeth,US,39.31,-74.98,Sun Mar 31 11:13:54 2019,52.95,76,19.46,90
Dalbandin,PK,28.9,64.41,Sun Mar 31 11:14:05 2019,62.98,37,7.07,8
Zhanaozen,KZ,43.35,52.85,Sun Mar 31 11:14:05 2019,35.26,79,7.85,8
Robertsport,LR,6.75,-11.37,Sun Mar 31 11:14:05 2019,83.05,98,5.39,0
Muros,ES,42.77,-9.06,Sun Mar 31 11:13:55 2019,62.83,44,5.82,40
Dunedin,NZ,-45.87,170.5,Sun Mar 31 11:00:40 2019,62.01,80,8.01,20
Muli,IN,22.62,71.45,Sun Mar 31 11:14:06 2019,80.71,29,10.76,0
Kaitangata,NZ,-46.28,169.85,Sun Mar 31 11:07:29 2019,60.01,70,5.99,56
Coquimbo,CL,-29.95,-71.34,Sun Mar 31 10:00:00 2019,66.2,68,11.41,0
Chase,US,43.89,-85.64,Sun Mar 31 11:13:20 2019,28.54,42,18.34,90
Dusetos,LT,55.75,25.85,Sun Mar 31 11:14:07 2019,38.5,65,19.26,56
Balezino,RU,57.97,53.01,Sun Mar 31 11:14:07 2019,33.73,95,13.78,92
Hattiesburg,US,31.33,-89.29,Sun Mar 31 11:10:17 2019,47.55,61,12.75,90
Thompson,CA,55.74,-97.86,Sun Mar 31 10:00:00 2019,24.8,53,14.99,75
Bredasdorp,ZA,-34.53,20.04,Sun Mar 31 11:00:22 2019,65.88,52,25.28,36
Alto Longa,BR,-5.25,-42.21,Sun Mar 31 11:14:09 2019,81.7,93,2.26,80
Shimoda,JP,34.7,138.93,Sun Mar 31 11:09:06 2019,52.0,100,12.44,0
Arlit,NE,18.74,7.39,Sun Mar 31 11:14:09 2019,88.63,21,3.38,8
Hami,CN,42.84,93.51,Sun Mar 31 11:14:09 2019,44.53,60,2.04,48
Ivot,UA,51.99,33.48,Sun Mar 31 11:14:10 2019,51.82,62,10.76,0
Baoqing,CN,46.32,132.2,Sun Mar 31 11:14:10 2019,12.13,60,3.71,8
La Reforma,GT,14.8,-91.82,Sun Mar 31 11:01:15 2019,81.61,69,6.93,20
Jacmel,HT,18.24,-72.54,Sun Mar 31 11:05:16 2019,86.0,67,6.51,8
Comodoro Rivadavia,AR,-45.87,-67.48,Sun Mar 31 10:00:00 2019,75.2,29,14.99,0
Broken Hill,AU,-31.97,141.45,Sun Mar 31 10:00:00 2019,53.6,66,1.12,0
Mackay,CA,53.65,-115.58,Sun Mar 31 10:00:00 2019,32.02,74,4.7,75
Lujan,AR,-46.57,-67.67,Sun Mar 31 11:14:12 2019,74.23,23,10.42,0
Husavik,CA,50.56,-96.99,Sun Mar 31 11:05:34 2019,36.09,58,4.16,36
Shingu,JP,33.72,135.99,Sun Mar 31 11:14:12 2019,49.93,100,16.91,0
Garowe,SO,8.41,48.48,Sun Mar 31 11:10:26 2019,78.19,41,12.66,0
Geraldton,CA,49.72,-86.95,Sun Mar 31 10:16:00 2019,23.0,41,8.05,75
Puerto Escondido,MX,15.86,-97.07,Sun Mar 31 09:40:00 2019,84.2,58,9.17,40
Redcliffe,GB,51.45,-2.59,Sun Mar 31 11:13:34 2019,52.95,71,14.99,75
Butembo,CD,0.12,29.29,Sun Mar 31 11:14:13 2019,65.41,90,1.14,12
Khandbari,NP,27.38,87.21,Sun Mar 31 11:14:14 2019,36.34,81,1.03,20
Alofi,NU,-19.06,-169.92,Sun Mar 31 10:00:00 2019,78.8,94,5.82,44
Avarua,CK,-21.21,-159.78,Sun Mar 31 10:30:00 2019,75.2,94,5.82,92
Yarkovo,RU,54.81,82.6,Sun Mar 31 10:30:00 2019,41.0,75,8.95,0
Norman Wells,CA,65.28,-126.83,Sun Mar 31 10:00:00 2019,37.4,64,11.41,75
Chinsali,ZM,-10.55,32.07,Sun Mar 31 11:14:15 2019,63.52,97,4.16,56
Ojinaga,US,29.56,-104.41,Sun Mar 31 11:02:12 2019,48.85,37,16.11,75
Fortuna,ES,38.18,-1.13,Sun Mar 31 11:08:29 2019,55.98,82,3.36,75
Hobyo,SO,5.35,48.53,Sun Mar 31 11:14:16 2019,80.35,81,10.76,56
Lompoc,US,34.64,-120.46,Sun Mar 31 11:11:11 2019,65.59,55,8.05,1
Namibe,AO,-15.19,12.15,Sun Mar 31 11:14:16 2019,79.63,96,8.08,36
Mana,RS,43.52,20.24,Sun Mar 31 11:00:00 2019,59.13,27,4.7,0
Ambovombe,MG,-25.18,46.09,Sun Mar 31 11:14:17 2019,72.88,92,6.17,0
Pangody,RU,65.85,74.49,Sun Mar 31 11:14:18 2019,29.86,93,15.46,88
Eydhafushi,MV,5.1,73.07,Sun Mar 31 11:08:54 2019,84.85,100,0.81,0
Saldanha,PT,41.42,-6.55,Sun Mar 31 11:15:18 2019,62.26,36,4.38,92
Basco,US,40.33,-91.2,Sun Mar 31 11:11:16 2019,35.69,55,10.29,1
Half Moon Bay,US,37.46,-122.43,Sun Mar 31 11:12:04 2019,59.65,67,5.39,1
Keetmanshoop,NA,-26.57,18.15,Sun Mar 31 11:15:19 2019,76.03,49,10.2,88
Kosugi,JP,36.71,137.1,Sun Mar 31 11:11:30 2019,41.4,99,3.15,88
Sitka,US,37.17,-99.65,Sun Mar 31 11:01:43 2019,41.0,49,1.99,0
Rolla,US,37.95,-91.77,Sun Mar 31 11:13:34 2019,38.35,51,10.29,1
Bolobo,CD,-2.17,16.23,Sun Mar 31 11:15:20 2019,83.77,74,1.92,20
Buldana,IN,20.53,76.18,Sun Mar 31 11:15:20 2019,81.52,28,10.2,0
Zarinsk,RU,53.71,84.95,Sun Mar 31 11:15:21 2019,35.98,92,8.52,24
Tefe,BR,-3.35,-64.71,Sun Mar 31 10:00:00 2019,89.6,62,4.7,20
Moose Factory,CA,51.26,-80.61,Sun Mar 31 10:00:00 2019,19.4,41,11.41,1
Tahe,CN,52.34,124.71,Sun Mar 31 11:15:22 2019,12.4,63,4.27,24
Port Lincoln,AU,-34.72,135.86,Sun Mar 31 11:15:22 2019,56.95,100,2.93,36
Ternate,PH,14.29,120.72,Sun Mar 31 11:00:23 2019,81.81,65,11.41,20
Patur,IN,20.46,76.94,Sun Mar 31 11:15:23 2019,83.41,26,10.54,0
Coihaique,CL,-45.58,-72.07,Sun Mar 31 10:00:00 2019,64.4,45,31.09,0
La Ronge,CA,55.1,-105.3,Sun Mar 31 10:00:00 2019,30.2,58,9.17,75
Leczyca,PL,52.06,19.2,Sun Mar 31 11:15:06 2019,49.5,57,13.87,40
Provideniya,RU,64.42,-173.23,Sun Mar 31 11:09:02 2019,27.97,98,8.63,80
Weligama,LK,5.97,80.42,Sun Mar 31 11:09:21 2019,79.45,96,5.73,0
Banjar,ID,-7.37,108.54,Sun Mar 31 11:15:24 2019,70.27,96,2.26,76
Saint George,GR,39.45,22.34,Sun Mar 31 10:50:00 2019,58.05,44,4.7,0
Ryotsu,JP,38.08,138.43,Sun Mar 31 11:15:25 2019,43.54,100,20.04,24
Calafell,ES,41.2,1.57,Sun Mar 31 11:15:22 2019,57.63,72,6.93,40
Mogadishu,SO,2.04,45.34,Sun Mar 31 11:05:18 2019,83.77,97,15.68,0
Clyde River,CA,70.47,-68.59,Sun Mar 31 10:00:00 2019,3.2,84,2.24,75
Sterling,US,39.0,-77.4,Sun Mar 31 11:11:17 2019,53.13,47,17.22,40
Sola,NO,58.89,5.65,Sun Mar 31 11:15:24 2019,38.59,52,13.87,40
Serebryanyy Bor,RU,56.8,124.8,Sun Mar 31 11:15:27 2019,13.57,84,3.27,68
Rome,IT,41.89,12.48,Sun Mar 31 11:12:04 2019,60.71,45,5.82,0
Murdochville,CA,48.96,-65.49,Sun Mar 31 11:15:27 2019,49.48,79,17.25,88
Jiuquan,CN,39.73,98.49,Sun Mar 31 11:09:30 2019,24.28,67,3.15,0
Phultala,BD,22.7,89.52,Sun Mar 31 11:15:28 2019,79.63,61,10.31,36
Codrington,AU,-28.95,153.24,Sun Mar 31 10:00:00 2019,54.3,93,3.94,0
Okhotsk,RU,59.36,143.24,Sun Mar 31 11:08:46 2019,17.8,86,4.83,0
Jalu,LY,29.03,21.55,Sun Mar 31 11:15:29 2019,62.89,42,8.97,0
Srednekolymsk,RU,67.46,153.71,Sun Mar 31 11:15:29 2019,-2.9,62,2.93,0
Vung Tau,VN,10.35,107.08,Sun Mar 31 11:15:29 2019,82.69,96,12.21,88
Rock Springs,US,41.59,-109.2,Sun Mar 31 10:54:00 2019,28.4,74,5.82,1
Talnakh,RU,69.49,88.39,Sun Mar 31 11:15:30 2019,27.97,87,16.8,88
Billings,US,45.79,-108.5,Sun Mar 31 11:11:35 2019,46.65,45,6.93,1
Conde,BR,-11.81,-37.61,Sun Mar 31 11:15:30 2019,80.8,98,6.51,12
Panlaitan,PH,12.12,119.85,Sun Mar 31 11:15:31 2019,79.9,94,10.76,0
Poum,MK,41.28,20.71,Sun Mar 31 10:30:00 2019,57.2,28,2.24,0
Ribeira Grande,PT,38.52,-28.7,Sun Mar 31 11:00:00 2019,57.2,58,13.87,75
Kruisfontein,ZA,-34.0,24.73,Sun Mar 31 11:15:31 2019,60.55,86,6.17,56
Tiksi,RU,71.64,128.87,Sun Mar 31 11:15:32 2019,19.15,76,6.29,80
Balkanabat,TM,39.51,54.36,Sun Mar 31 11:15:32 2019,41.29,85,6.17,76
Salinopolis,BR,-0.61,-47.36,Sun Mar 31 11:15:32 2019,77.65,100,7.63,88
Stanger,ZA,-29.34,31.29,Sun Mar 31 11:14:36 2019,73.56,83,17.22,20
Candolim,IN,15.52,73.76,Sun Mar 31 11:15:14 2019,77.83,100,5.39,0
Manthani,IN,18.65,79.67,Sun Mar 31 11:16:33 2019,78.64,59,11.99,20
Chicama,PE,-7.84,-79.15,Sun Mar 31 10:00:00 2019,71.6,83,12.75,20
Saint Anthony,US,43.97,-111.68,Sun Mar 31 11:10:13 2019,36.3,55,3.36,1
Xichang,CN,27.88,102.25,Sun Mar 31 11:16:34 2019,47.14,98,0.92,92
Metro,ID,-5.11,105.31,Sun Mar 31 11:15:27 2019,79.0,89,7.74,8
Santa Isabel do Rio Negro,BR,-0.41,-65.02,Sun Mar 31 11:16:34 2019,93.13,53,4.94,20
Benton Harbor,US,42.12,-86.45,Sun Mar 31 11:15:30 2019,30.33,46,13.87,90
Nanortalik,GL,60.14,-45.24,Sun Mar 31 11:09:26 2019,27.25,100,27.98,44
Assiniboia,CA,49.63,-105.99,Sun Mar 31 11:16:35 2019,34.18,77,6.96,32
Samarai,PG,-10.62,150.67,Sun Mar 31 11:16:35 2019,80.08,100,10.42,68
Paamiut,GL,61.99,-49.67,Sun Mar 31 11:09:19 2019,26.35,100,9.75,64
Uarini,BR,-2.98,-65.16,Sun Mar 31 10:00:00 2019,89.6,62,4.7,20
Cao Bang,VN,22.67,106.25,Sun Mar 31 11:15:52 2019,61.81,99,4.61,92
Abha,SA,18.22,42.5,Sun Mar 31 10:00:00 2019,68.95,37,11.41,20
Seguela,CI,7.96,-6.67,Sun Mar 31 11:16:37 2019,80.17,79,6.51,64
Chuy,UY,-33.69,-53.46,Sun Mar 31 11:14:11 2019,77.2,93,8.19,0
Badnawar,IN,23.02,75.23,Sun Mar 31 10:00:00 2019,86.0,22,5.82,0
Tommot,RU,58.97,126.27,Sun Mar 31 11:09:03 2019,12.58,74,2.37,64
Mariel,CU,22.99,-82.75,Sun Mar 31 11:12:23 2019,82.24,48,6.93,40
Alyangula,AU,-13.85,136.42,Sun Mar 31 10:00:00 2019,78.8,83,18.03,40
Sahibganj,IN,25.24,87.63,Sun Mar 31 11:16:38 2019,70.0,80,7.4,0
Itarema,BR,-2.92,-39.92,Sun Mar 31 11:16:38 2019,81.25,100,7.85,44
Tsubata,JP,36.67,136.73,Sun Mar 31 11:11:30 2019,41.32,93,4.7,75
Loa Janan,ID,-0.58,117.09,Sun Mar 31 11:16:39 2019,72.7,100,2.15,32
Murgab,TM,37.5,61.97,Sun Mar 31 10:00:00 2019,55.4,50,13.87,90
Pemberton,AU,-34.44,116.03,Sun Mar 31 11:15:28 2019,65.12,73,10.09,76
Deputatskiy,RU,69.3,139.9,Sun Mar 31 11:16:40 2019,-9.83,32,2.71,0
Saint-Pierre,FR,48.95,4.24,Sun Mar 31 11:13:33 2019,67.1,21,8.05,0
Purpe,RU,64.48,76.69,Sun Mar 31 11:14:58 2019,30.99,85,4.0,80
San Pedro,AR,-33.68,-59.66,Sun Mar 31 11:13:56 2019,84.0,63,1.99,92
Boissevain,CA,49.23,-100.06,Sun Mar 31 10:35:00 2019,33.8,87,12.75,75
Port Hardy,CA,50.7,-127.42,Sun Mar 31 10:00:00 2019,41.0,93,2.24,90
Constitucion,MX,23.99,-104.67,Sun Mar 31 11:10:16 2019,69.04,34,2.24,20
Mandera,ET,3.94,41.86,Sun Mar 31 11:16:21 2019,84.99,16,3.0,0
Springbok,ZA,-29.67,17.88,Sun Mar 31 11:16:45 2019,66.22,36,7.4,0
Pacific Grove,US,36.62,-121.92,Sun Mar 31 11:16:41 2019,60.35,55,3.36,1
Havoysund,NO,71.0,24.66,Sun Mar 31 10:50:00 2019,30.15,86,41.38,75
Antofagasta,CL,-23.65,-70.4,Sun Mar 31 10:00:00 2019,68.0,68,13.87,20
Luz,BR,-19.79,-45.68,Sun Mar 31 11:16:46 2019,84.58,56,2.93,0
Severo-Kurilsk,RU,50.68,156.12,Sun Mar 31 11:16:46 2019,27.07,100,4.05,64
Tiznit,MA,29.7,-9.73,Sun Mar 31 11:15:19 2019,60.37,92,5.61,64
Rio Grande,BR,-32.03,-52.1,Sun Mar 31 10:00:00 2019,84.2,58,1.12,20
Dumingag,PH,8.15,123.34,Sun Mar 31 11:16:47 2019,67.75,100,3.15,68
Coolum Beach,AU,-26.53,153.09,Sun Mar 31 11:16:01 2019,60.31,80,4.0,20
Hasaki,JP,35.73,140.83,Sun Mar 31 11:04:37 2019,39.04,100,9.17,20
Cedar City,US,37.68,-113.06,Sun Mar 31 11:15:09 2019,42.98,52,6.93,1
Katsuura,JP,33.93,134.5,Sun Mar 31 11:04:21 2019,46.71,81,13.87,20
Orlik,RU,52.51,99.83,Sun Mar 31 11:16:49 2019,8.44,86,1.92,0
Maragogi,BR,-9.01,-35.22,Sun Mar 31 11:16:49 2019,82.33,93,7.74,68
Morondava,MG,-20.3,44.28,Sun Mar 31 11:16:49 2019,80.53,81,7.63,0
Kandrian,PG,-6.21,149.55,Sun Mar 31 11:16:50 2019,75.04,98,3.04,24
Yenagoa,NG,4.92,6.26,Sun Mar 31 11:16:50 2019,85.3,73,3.71,80
Araouane,ML,18.9,-3.53,Sun Mar 31 11:16:50 2019,93.67,21,7.74,56
Skala,GR,36.85,22.66,Sun Mar 31 11:15:42 2019,58.73,58,14.79,20
Sosnovskoye,RU,55.81,43.17,Sun Mar 31 10:30:00 2019,50.0,85,11.18,0
Port Macquarie,AU,-31.43,152.91,Sun Mar 31 11:10:05 2019,50.31,76,3.36,0
Moerai,PF,-22.43,-151.33,Sun Mar 31 11:17:51 2019,77.2,100,23.51,32
Bako,NG,9.68,6.4,Sun Mar 31 11:17:52 2019,88.54,53,3.94,0
San Pedro Buenavista,MX,20.01,-97.11,Sun Mar 31 11:17:52 2019,60.01,100,4.27,100
Glenwood Springs,US,39.55,-107.33,Sun Mar 31 11:14:04 2019,37.49,47,4.7,1
Kamenka,RU,53.19,44.05,Sun Mar 31 11:17:53 2019,35.26,88,11.88,20
Vari,GR,37.83,23.8,Sun Mar 31 11:17:09 2019,54.39,37,11.41,20
Evansville,US,37.97,-87.56,Sun Mar 31 11:16:41 2019,39.72,48,16.11,75
Dhidhdhoo,MV,6.88,73.1,Sun Mar 31 11:17:53 2019,85.12,100,0.36,0
College,US,64.86,-147.8,Sun Mar 31 11:17:03 2019,28.74,100,4.72,1
Reconquista,AR,-29.14,-59.64,Sun Mar 31 11:17:54 2019,82.42,77,12.21,64
Sibu,MY,2.29,111.83,Sun Mar 31 10:00:00 2019,77.0,94,3.36,75
Amuntai,ID,-2.42,115.25,Sun Mar 31 11:17:54 2019,75.13,93,1.92,32
La Rochelle,FR,46.16,-1.15,Sun Mar 31 11:00:00 2019,63.57,72,6.93,0
Manikpur,IN,25.07,81.1,Sun Mar 31 11:17:55 2019,74.05,57,2.71,12
Airai,TL,-8.93,125.41,Sun Mar 31 11:17:56 2019,64.69,86,1.36,0
Leningradskiy,RU,69.38,178.42,Sun Mar 31 11:17:56 2019,-2.45,61,5.61,0
Aquiraz,BR,-3.9,-38.39,Sun Mar 31 11:05:14 2019,81.63,100,3.0,64
Darhan,MN,49.49,105.92,Sun Mar 31 11:08:47 2019,26.8,62,2.82,80
Semey,KZ,50.41,80.25,Sun Mar 31 11:17:56 2019,39.85,79,3.15,24
Sovetskaya,RU,44.78,41.17,Sun Mar 31 11:16:04 2019,45.0,4,15.01,0
Luderitz,NA,-26.65,15.16,Sun Mar 31 11:09:09 2019,65.05,75,18.25,0
Verkhnevilyuysk,RU,63.45,120.31,Sun Mar 31 11:17:57 2019,13.66,69,3.15,20
Askiz,RU,53.13,90.53,Sun Mar 31 11:17:57 2019,29.5,80,2.59,20
Turukhansk,RU,65.8,87.96,Sun Mar 31 11:17:57 2019,30.04,95,13.44,56
Menongue,AO,-14.66,17.68,Sun Mar 31 11:17:58 2019,75.67,43,2.71,12
Dandong,CN,40.12,124.37,Sun Mar 31 11:17:58 2019,24.55,57,2.37,24
Ulladulla,AU,-35.36,150.48,Sun Mar 31 11:17:50 2019,49.14,71,10.29,68
Whangamata,NZ,-37.21,175.87,Sun Mar 31 11:16:27 2019,67.5,89,21.0,100
Sao Domingos do Maranhao,BR,-5.58,-44.39,Sun Mar 31 11:17:59 2019,79.9,97,3.71,76
Udachnyy,RU,66.42,112.4,Sun Mar 31 11:17:59 2019,25.72,72,6.06,48
Bose,IT,45.46,8.01,Sun Mar 31 11:17:46 2019,67.78,14,4.7,0
Constantine,DZ,36.36,6.61,Sun Mar 31 10:30:00 2019,64.4,48,10.29,75
Winnemucca,US,40.97,-117.74,Sun Mar 31 11:01:26 2019,45.72,52,3.36,1
Padang,ID,-0.92,100.36,Sun Mar 31 10:00:00 2019,77.0,94,2.24,75
San Patricio,PY,-26.98,-56.83,Sun Mar 31 11:18:01 2019,89.44,61,3.49,68
Ziway,ET,7.93,38.72,Sun Mar 31 11:17:18 2019,63.34,61,2.37,80
Severodvinsk,RU,64.56,39.82,Sun Mar 31 10:30:00 2019,28.4,68,4.47,40
Rafaela,AR,-31.25,-61.49,Sun Mar 31 11:16:31 2019,87.01,47,7.0,92
Elko,US,40.83,-115.76,Sun Mar 31 11:13:30 2019,41.32,64,1.03,1
Cherskiy,RU,68.75,161.3,Sun Mar 31 11:09:24 2019,-9.74,35,2.15,0
Itupiranga,BR,-5.13,-49.33,Sun Mar 31 10:00:00 2019,77.0,100,5.82,90
Suntar,RU,62.16,117.65,Sun Mar 31 11:18:02 2019,16.09,67,2.93,32
Kushalgarh,IN,23.2,74.45,Sun Mar 31 11:18:03 2019,72.52,59,3.15,0
Zheleznodorozhnyy,RU,55.75,38.0,Sun Mar 31 11:13:58 2019,52.43,50,6.71,0
Titel,RS,45.21,20.3,Sun Mar 31 11:14:02 2019,61.72,25,4.7,0
Merauke,ID,-8.49,140.4,Sun Mar 31 11:18:04 2019,75.49,100,8.63,76
Bay Roberts,CA,47.58,-53.28,Sun Mar 31 11:17:50 2019,51.96,54,18.34,40
Sorland,NO,67.67,12.69,Sun Mar 31 10:50:00 2019,31.84,64,19.46,40
Kostomuksha,RU,64.59,30.6,Sun Mar 31 11:18:04 2019,27.79,73,6.17,8
Bontang,ID,0.12,117.47,Sun Mar 31 11:18:05 2019,78.73,100,4.5,92
Gamba,CN,28.28,88.52,Sun Mar 31 11:18:05 2019,0.07,53,2.71,12
Vikulovo,RU,55.07,40.96,Sun Mar 31 11:18:05 2019,38.14,87,13.78,48
Tura,IN,25.52,90.21,Sun Mar 31 11:06:58 2019,64.15,95,5.73,12
Pangoa,PE,-12.12,-73.0,Sun Mar 31 11:18:06 2019,69.55,100,1.36,68
Santa Rosa,AR,-36.62,-64.29,Sun Mar 31 11:18:09 2019,82.15,58,13.44,76
Portland,US,45.52,-122.67,Sun Mar 31 11:07:34 2019,53.78,66,3.15,1
Te Anau,NZ,-45.41,167.72,Sun Mar 31 11:19:09 2019,51.55,86,18.03,68
Evensk,RU,61.92,159.24,Sun Mar 31 11:19:09 2019,27.7,88,17.02,64
Altay,CN,47.83,88.13,Sun Mar 31 11:19:10 2019,19.42,72,2.48,0
Livingston,US,32.58,-88.19,Sun Mar 31 11:16:32 2019,48.42,61,10.29,90
Yagodnoye,RU,62.52,149.63,Sun Mar 31 11:19:10 2019,-7.4,69,2.26,20
Zambezi,ZM,-13.55,23.12,Sun Mar 31 11:19:11 2019,73.87,44,6.17,0
Platanos,GR,35.47,23.6,Sun Mar 31 11:15:54 2019,53.49,86,9.17,1
Harper,US,30.3,-99.24,Sun Mar 31 11:19:01 2019,46.65,45,6.93,90
Phalaborwa,ZA,-23.95,31.14,Sun Mar 31 11:00:00 2019,80.6,44,2.24,0
Klaksvik,FO,62.23,-6.59,Sun Mar 31 10:50:00 2019,42.8,87,8.05,92
Novyy Urgal,RU,51.07,132.56,Sun Mar 31 11:19:12 2019,6.37,53,2.48,36
Homer,US,59.64,-151.54,Sun Mar 31 11:18:34 2019,35.92,86,4.7,1
Benguela,AO,-12.58,13.4,Sun Mar 31 11:19:13 2019,83.59,94,3.27,12
San Juan,AR,-31.54,-68.53,Sun Mar 31 11:15:25 2019,81.97,49,4.61,8
San Jose,PH,15.79,120.99,Sun Mar 31 11:19:16 2019,69.1,91,2.26,36
Redlands,US,34.06,-117.19,Sun Mar 31 11:19:13 2019,67.95,26,4.7,1
Leshukonskoye,RU,64.9,45.76,Sun Mar 31 11:19:16 2019,29.95,67,5.28,80
Panjab,AF,34.38,67.02,Sun Mar 31 11:19:17 2019,31.93,86,2.04,0
Porto Novo,BR,-23.68,-45.44,Sun Mar 31 10:00:00 2019,78.8,57,3.36,40
Uyuni,BO,-20.46,-66.82,Sun Mar 31 11:19:17 2019,62.53,50,5.61,20
Hovd,NO,63.83,10.7,Sun Mar 31 11:04:23 2019,32.47,90,20.8,90
Sarankhola,BD,22.31,89.79,Sun Mar 31 11:19:18 2019,83.59,56,8.41,24
Columbus,US,32.46,-84.99,Sun Mar 31 11:17:37 2019,48.85,70,9.17,90
Saint-Augustin,FR,44.83,-0.61,Sun Mar 31 11:10:35 2019,69.21,19,10.29,20
Yacuiba,AR,-22.01,-63.68,Sun Mar 31 10:00:00 2019,82.4,78,7.07,75
Nikolayevsk-na-amure,RU,53.14,140.72,Sun Mar 31 11:19:19 2019,9.79,81,5.95,56
Teguldet,RU,57.31,88.17,Sun Mar 31 11:19:19 2019,38.05,85,9.31,88
Antalaha,MG,-14.9,50.28,Sun Mar 31 11:19:19 2019,79.18,91,4.72,8
Rosetta,EG,31.4,30.42,Sun Mar 31 10:00:00 2019,60.8,63,13.87,40
Bissau,GW,11.86,-15.58,Sun Mar 31 10:00:00 2019,102.2,29,9.17,0
Guerrero Negro,MX,27.97,-114.04,Sun Mar 31 11:19:20 2019,78.37,35,4.83,0
Santa Cruz,US,36.97,-122.03,Sun Mar 31 11:19:05 2019,61.03,67,3.15,1
Cervo,BR,-22.19,-46.24,Sun Mar 31 10:00:00 2019,78.8,65,4.7,40
Luganville,VU,-15.51,167.18,Sun Mar 31 11:19:23 2019,82.51,100,8.19,20
Torzhok,RU,57.04,34.97,Sun Mar 31 11:19:23 2019,42.19,60,18.48,20
Aguas Verdes,EC,-3.48,-80.25,Sun Mar 31 10:00:00 2019,86.76,33,6.93,40
Balad,ID,-6.76,108.42,Sun Mar 31 11:19:24 2019,79.99,100,3.6,48
Aranos,NA,-24.14,19.11,Sun Mar 31 11:19:24 2019,83.23,23,5.28,92
Camargo,MX,27.69,-105.17,Sun Mar 31 11:19:24 2019,63.97,37,9.31,0
Key Largo,US,25.09,-80.45,Sun Mar 31 11:18:52 2019,79.83,51,8.05,40
Olinda,EC,-2.03,-79.75,Sun Mar 31 11:16:34 2019,87.33,70,9.17,20
Tuatapere,NZ,-46.13,167.69,Sun Mar 31 11:10:06 2019,64.0,65,10.0,24
Monster,NL,52.03,4.17,Sun Mar 31 11:19:10 2019,51.01,61,16.11,0
Bull Savanna,JM,17.89,-77.59,Sun Mar 31 11:19:26 2019,85.93,55,4.38,12
Sobolevo,RU,54.43,31.9,Sun Mar 31 11:19:26 2019,50.2,61,18.03,92
Komsomolets,RU,52.77,41.29,Sun Mar 31 11:19:27 2019,45.07,85,13.0,0
Florianopolis,BR,-27.6,-48.55,Sun Mar 31 11:18:53 2019,76.1,65,11.41,0
Palembang,ID,-2.99,104.76,Sun Mar 31 10:30:00 2019,80.6,94,5.82,40
Vagur,FO,61.47,-6.81,Sun Mar 31 11:19:27 2019,45.79,96,25.86,88
Labuhan,ID,-2.54,115.51,Sun Mar 31 11:19:28 2019,72.7,95,0.92,20
Pyaozerskiy,RU,65.83,31.17,Sun Mar 31 11:19:28 2019,31.12,75,6.96,24
Dawlatabad,AF,36.41,64.91,Sun Mar 31 11:19:28 2019,58.3,66,10.65,0
Hohhot,CN,40.81,111.65,Sun Mar 31 10:00:00 2019,26.6,38,2.24,0
Mitsamiouli,KM,-11.38,43.28,Sun Mar 31 11:00:00 2019,80.6,88,1.12,20
Rusape,ZW,-18.53,32.12,Sun Mar 31 11:19:29 2019,61.63,87,2.82,0
Awbari,LY,26.59,12.77,Sun Mar 31 11:20:29 2019,70.27,25,6.06,20
Salalah,OM,17.01,54.1,Sun Mar 31 09:50:00 2019,80.6,69,5.82,20
Cabra,ES,37.47,-4.43,Sun Mar 31 11:13:24 2019,59.97,59,6.93,40
Bayburt,TR,40.26,40.22,Sun Mar 31 11:20:30 2019,35.08,94,4.27,48
Bilma,NE,18.69,12.92,Sun Mar 31 11:20:30 2019,79.45,10,7.07,0
Catuday,PH,16.29,119.81,Sun Mar 31 11:20:31 2019,77.2,100,8.63,48
Cascais,PT,38.7,-9.42,Sun Mar 31 11:20:31 2019,63.52,63,6.93,40
Mehamn,NO,71.03,27.85,Sun Mar 31 10:50:00 2019,31.57,80,20.8,40
Rincon,US,32.3,-81.24,Sun Mar 31 11:20:20 2019,75.65,50,20.8,75
Narsaq,GL,60.91,-46.05,Sun Mar 31 10:50:00 2019,23.0,38,6.93,20
Westport,IE,53.8,-9.52,Sun Mar 31 11:18:13 2019,49.55,66,6.93,40
Garissa,KE,-0.46,39.64,Sun Mar 31 11:20:32 2019,89.62,43,11.21,68
Belyy Yar,RU,53.6,91.39,Sun Mar 31 10:30:00 2019,44.6,65,6.71,0
Qaqortoq,GL,60.72,-46.03,Sun Mar 31 10:50:00 2019,23.0,38,6.93,20
Maniitsoq,GL,65.42,-52.9,Sun Mar 31 11:20:33 2019,21.49,93,13.67,76
Bastogne,BE,50.0,5.72,Sun Mar 31 11:20:16 2019,56.08,41,12.75,0
San Vicente,SV,13.64,-88.78,Sun Mar 31 10:50:00 2019,87.8,49,5.82,40
Chapais,CA,49.78,-74.86,Sun Mar 31 10:52:00 2019,26.6,73,18.34,90
Taitung,TW,22.76,121.15,Sun Mar 31 11:20:36 2019,65.05,100,14.79,36
Kim,US,32.73,-113.7,Sun Mar 31 11:20:04 2019,72.84,15,26.4,1
Himatangi,NZ,-40.4,175.32,Sun Mar 31 11:20:05 2019,66.4,85,18.48,88
Sinnamary,GF,5.38,-52.96,Sun Mar 31 11:20:37 2019,81.7,90,9.75,68
Vila,IT,45.18,8.4,Sun Mar 31 11:20:26 2019,68.14,15,4.7,0
Cacapava,BR,-23.1,-45.71,Sun Mar 31 10:00:00 2019,80.69,51,3.36,40
Tuim,RU,54.34,89.93,Sun Mar 31 11:20:38 2019,26.89,74,5.28,56
Khuzhir,RU,53.19,107.35,Sun Mar 31 11:20:38 2019,18.52,86,2.37,32
Mandurah,AU,-32.55,115.7,Sun Mar 31 11:20:28 2019,77.76,50,5.82,88
Kieta,PG,-6.22,155.63,Sun Mar 31 11:20:38 2019,76.93,100,4.16,24
Carutapera,BR,-1.2,-46.02,Sun Mar 31 11:20:39 2019,79.72,95,6.06,88
Mahmudia,RO,45.09,29.09,Sun Mar 31 11:00:00 2019,50.0,57,5.82,0
Kinkala,CG,-4.35,14.75,Sun Mar 31 11:00:00 2019,84.2,70,3.36,20
Peace River,CA,56.23,-117.29,Sun Mar 31 10:00:00 2019,35.6,59,3.04,75
Tenenkou,ML,14.46,-4.91,Sun Mar 31 11:20:40 2019,100.87,22,2.82,0
Concepcion del Oro,MX,24.63,-101.42,Sun Mar 31 11:20:40 2019,64.78,54,3.27,64
Hokitika,NZ,-42.72,170.96,Sun Mar 31 11:20:40 2019,62.17,100,15.68,88
Houma,CN,35.63,111.36,Sun Mar 31 11:20:40 2019,30.13,55,2.71,0
Lorengau,PG,-2.02,147.27,Sun Mar 31 11:20:41 2019,82.33,100,10.09,88
Sukumo,JP,32.94,132.72,Sun Mar 31 11:20:41 2019,47.86,78,14.67,68
Port Hedland,AU,-20.31,118.58,Sun Mar 31 10:30:00 2019,78.8,78,5.82,0
Kisangani,CD,0.52,25.21,Sun Mar 31 11:20:41 2019,82.33,81,1.25,36
Besancon,FR,47.25,6.02,Sun Mar 31 11:18:38 2019,63.45,28,2.24,0
Ulaanbaatar,MN,47.92,106.92,Sun Mar 31 10:00:00 2019,21.2,31,4.47,40
Abay,KZ,49.63,72.87,Sun Mar 31 10:30:00 2019,41.0,100,6.71,75
Touros,BR,-5.2,-35.46,Sun Mar 31 10:00:00 2019,78.8,100,4.7,90
Muhos,FI,64.81,26.0,Sun Mar 31 11:15:21 2019,33.04,74,10.29,8
Mlowo,TZ,-9.01,33.0,Sun Mar 31 11:20:43 2019,65.23,90,2.59,36
Kutum,SD,14.2,24.66,Sun Mar 31 11:20:43 2019,71.44,38,3.94,0
Fort Nelson,CA,58.81,-122.69,Sun Mar 31 10:00:00 2019,32.0,63,2.24,40
Egvekinot,RU,66.32,-179.17,Sun Mar 31 11:20:44 2019,23.47,87,2.48,88
La Asuncion,EC,-1.64,-78.74,Sun Mar 31 11:20:44 2019,57.22,77,3.15,80
Grand Gaube,MU,-20.01,57.66,Sun Mar 31 11:19:02 2019,78.76,78,4.7,20
San Blas,MX,21.54,-105.29,Sun Mar 31 10:47:00 2019,78.8,29,3.49,20
Nieuw Amsterdam,SR,5.88,-55.08,Sun Mar 31 11:15:12 2019,90.97,55,13.87,40
Dryden,CA,49.79,-92.84,Sun Mar 31 10:00:00 2019,26.6,49,9.17,75
Hofn,IS,64.25,-15.21,Sun Mar 31 11:00:00 2019,41.0,86,12.75,90
Pine Bluff,US,34.23,-92.0,Sun Mar 31 11:18:08 2019,48.22,36,10.29,1
Vredendal,ZA,-31.68,18.49,Sun Mar 31 11:20:47 2019,61.0,67,10.76,76
Dubbo,AU,-32.25,148.6,Sun Mar 31 11:20:47 2019,41.02,86,2.93,0
Daru,SL,7.99,-10.85,Sun Mar 31 11:21:47 2019,93.04,52,4.05,0
Mangoso,PH,11.42,122.64,Sun Mar 31 11:21:48 2019,67.75,86,4.72,0
Kibre Mengist,ET,5.87,38.99,Sun Mar 31 11:21:48 2019,73.87,35,5.61,64
Buala,SB,-8.15,159.59,Sun Mar 31 11:21:48 2019,79.36,100,4.16,92
Stromness,CA,42.87,-79.55,Sun Mar 31 11:20:58 2019,32.7,80,11.41,90
North Platte,US,41.12,-100.77,Sun Mar 31 11:20:03 2019,39.0,69,8.05,1
Cuamba,MZ,-14.8,36.54,Sun Mar 31 11:21:49 2019,72.43,54,8.41,0
Kuytun,RU,54.34,101.51,Sun Mar 31 11:21:49 2019,26.08,86,2.37,20
Petatlan,MX,17.52,-101.27,Sun Mar 31 10:47:00 2019,84.2,62,8.05,5
Annau,TM,37.89,58.52,Sun Mar 31 10:00:00 2019,46.4,81,4.7,90
Rodrigues Alves,BR,-7.74,-72.65,Sun Mar 31 10:00:00 2019,89.6,75,3.36,75
San Francisco,US,37.78,-122.42,Sun Mar 31 11:20:19 2019,59.58,87,6.93,1
Victoria,BN,5.28,115.24,Sun Mar 31 10:30:00 2019,81.23,74,2.24,75
Dobryatino,RU,55.51,41.32,Sun Mar 31 11:21:53 2019,36.97,85,15.23,0
Anshun,CN,26.25,105.93,Sun Mar 31 11:21:54 2019,46.69,98,6.85,92
Aleksandrovsk-Sakhalinskiy,RU,50.9,142.16,Sun Mar 31 11:21:54 2019,15.19,95,7.4,64
Henties Bay,NA,-22.12,14.28,Sun Mar 31 11:02:07 2019,68.0,78,13.0,20
Clemson,US,34.69,-82.84,Sun Mar 31 11:17:08 2019,56.23,44,11.41,1
Correntina,BR,-13.34,-44.63,Sun Mar 31 11:21:55 2019,85.75,60,8.41,0
Najran,SA,17.54,44.22,Sun Mar 31 11:00:00 2019,89.6,11,13.87,0
Le Port,FR,42.87,1.37,Sun Mar 31 11:21:42 2019,57.54,44,10.29,20
Pritzwalk,DE,53.15,12.18,Sun Mar 31 11:19:56 2019,47.01,37,5.99,0
Tucurui,BR,-3.77,-49.67,Sun Mar 31 11:20:33 2019,73.69,100,2.93,92
Haines Junction,CA,60.75,-137.51,Sun Mar 31 11:21:56 2019,29.41,63,2.71,0
Ondjiva,AO,-17.07,15.73,Sun Mar 31 11:20:51 2019,77.11,57,3.94,20
Lishui,CN,28.45,119.91,Sun Mar 31 11:21:57 2019,43.54,99,1.92,100
Prainha,BR,-1.8,-53.48,Sun Mar 31 11:21:57 2019,83.77,82,2.71,80
Hafizabad,PK,32.07,73.69,Sun Mar 31 11:17:49 2019,68.2,53,3.27,0
Manggar,ID,-2.88,108.27,Sun Mar 31 11:21:58 2019,76.57,100,2.71,8
Temerloh,MY,3.45,102.42,Sun Mar 31 11:18:03 2019,72.79,97,2.48,76
Kosh-Agach,RU,49.99,88.66,Sun Mar 31 11:21:58 2019,17.89,80,2.82,0
Svetlaya,RU,46.54,138.33,Sun Mar 31 11:21:58 2019,23.56,100,2.59,24
Soyo,AO,-6.13,12.37,Sun Mar 31 11:00:00 2019,84.2,79,4.7,20
Kidal,ML,18.44,1.41,Sun Mar 31 11:21:59 2019,95.29,15,6.51,56
Avera,US,33.19,-82.53,Sun Mar 31 11:21:29 2019,57.67,63,9.17,75
Pecos,US,31.42,-103.49,Sun Mar 31 11:12:30 2019,48.51,36,9.17,40
Talara,PE,-4.58,-81.27,Sun Mar 31 10:00:00 2019,62.6,290,8.3,0
Ust-Nera,RU,64.57,143.24,Sun Mar 31 11:22:00 2019,-13.88,37,1.92,8
Bani,PH,15.89,120.27,Sun Mar 31 11:22:01 2019,74.68,100,4.16,24
Novyy Urengoy,RU,66.08,76.63,Sun Mar 31 11:22:01 2019,30.04,89,16.91,80
Gokak,IN,16.17,74.82,Sun Mar 31 11:22:01 2019,79.0,52,9.08,0
Mahibadhoo,MV,3.78,72.97,Sun Mar 31 11:21:08 2019,84.22,100,0.92,0
Noumea,NC,-22.28,166.46,Sun Mar 31 11:00:00 2019,68.0,94,7.18,0
Wagar,US,31.44,-87.99,Sun Mar 31 11:18:24 2019,48.99,84,4.0,92
Rock Hill,US,34.92,-81.03,Sun Mar 31 11:21:35 2019,61.3,42,10.29,90
Itoman,JP,26.12,127.67,Sun Mar 31 11:12:27 2019,61.02,59,9.17,75
Chaman,AF,30.92,66.46,Sun Mar 31 11:19:11 2019,46.42,47,2.71,12
Deli Tua,ID,3.5,98.69,Sun Mar 31 10:00:00 2019,77.0,94,4.7,40
Cap-aux-Meules,CA,47.38,-61.86,Sun Mar 31 10:00:00 2019,44.6,70,20.8,75
Kirkuk,IQ,35.47,44.4,Sun Mar 31 11:22:04 2019,54.7,97,8.19,92
General Roca,AR,-39.03,-67.58,Sun Mar 31 10:00:00 2019,78.8,41,4.38,0
Yazykovo,RU,54.3,47.38,Sun Mar 31 11:22:04 2019,35.53,87,13.33,36
Bud,NO,62.91,6.91,Sun Mar 31 11:17:08 2019,34.21,86,23.04,75
Binucayan,PH,8.25,125.72,Sun Mar 31 11:22:05 2019,68.92,86,2.37,0
Khovu-Aksy,RU,51.13,93.72,Sun Mar 31 11:23:05 2019,15.37,76,2.04,0
Severo-Yeniseyskiy,RU,60.37,93.04,Sun Mar 31 11:23:06 2019,35.62,85,8.3,80
Havre-Saint-Pierre,CA,50.23,-63.6,Sun Mar 31 10:00:00 2019,35.6,93,9.17,90
Bataipora,BR,-22.3,-53.27,Sun Mar 31 11:20:17 2019,90.43,57,4.72,20
Nemuro,JP,43.32,145.57,Sun Mar 31 11:23:06 2019,29.14,100,5.61,8
Yulara,AU,-25.24,130.99,Sun Mar 31 10:00:00 2019,62.6,29,8.05,0
Tiarei,PF,-17.53,-149.33,Sun Mar 31 11:22:22 2019,80.28,78,3.36,20
Simpsonville,US,34.74,-82.25,Sun Mar 31 11:19:05 2019,57.96,55,11.41,75
Coro,VE,11.41,-69.67,Sun Mar 31 11:23:07 2019,88.36,60,11.32,0
San Luis,AR,-33.3,-66.34,Sun Mar 31 11:19:40 2019,77.83,63,4.27,32
Koumac,NC,-20.56,164.28,Sun Mar 31 11:23:08 2019,74.32,98,3.94,20
Hualmay,PE,-11.1,-77.61,Sun Mar 31 11:23:09 2019,75.85,72,6.17,20
Santiago,CL,-33.44,-70.65,Sun Mar 31 11:22:42 2019,68.05,72,3.36,75
Baykit,RU,61.68,96.39,Sun Mar 31 11:23:10 2019,32.29,91,7.4,88
Baiyin,CN,36.55,104.13,Sun Mar 31 10:00:00 2019,33.8,29,6.71,0
Pedernales,EC,0.07,-80.05,Sun Mar 31 11:23:10 2019,85.21,76,6.06,8
Tralee,US,37.56,-81.4,Sun Mar 31 11:20:22 2019,37.58,80,6.93,90
Chara,GR,39.42,22.43,Sun Mar 31 10:50:00 2019,58.08,44,4.7,0
Washougal,US,45.58,-122.35,Sun Mar 31 11:20:04 2019,54.48,62,6.93,1
Oktyabrskiy,RU,55.61,37.97,Sun Mar 31 11:13:58 2019,52.43,50,6.71,0
Belen,TR,36.49,36.19,Sun Mar 31 11:18:14 2019,56.16,100,5.82,75
San Cristobal,EC,-0.39,-78.55,Sun Mar 31 11:15:10 2019,62.69,67,18.34,75
Beringovskiy,RU,63.05,179.32,Sun Mar 31 11:23:13 2019,31.39,93,11.99,80
Dangtu,CN,31.57,118.49,Sun Mar 31 11:16:44 2019,47.55,65,2.24,0
George,NG,6.63,3.35,Sun Mar 31 10:00:00 2019,91.4,66,6.93,40
Anadyr,RU,64.73,177.51,Sun Mar 31 11:22:27 2019,32.0,94,20.13,75
Broome,GB,52.47,1.45,Sun Mar 31 11:23:09 2019,47.66,65,13.87,20
Namatanai,PG,-3.66,152.44,Sun Mar 31 11:23:14 2019,78.82,100,8.75,64
Lavrentiya,RU,65.58,-170.99,Sun Mar 31 11:23:15 2019,22.75,91,4.5,80
Clarence Town,AU,-32.59,151.78,Sun Mar 31 11:20:38 2019,54.75,76,6.93,40
Trelew,AR,-43.25,-65.31,Sun Mar 31 11:23:15 2019,86.47,29,9.75,0
Abu Kamal,SY,34.45,40.92,Sun Mar 31 11:23:16 2019,52.45,84,5.39,44
Bandarbeyla,SO,9.49,50.81,Sun Mar 31 11:23:16 2019,79.63,100,7.18,88
Adrar,DZ,27.87,-0.29,Sun Mar 31 11:00:00 2019,82.4,36,32.21,40
Nadaun,IN,31.78,76.34,Sun Mar 31 11:23:16 2019,55.24,68,1.92,0
Tongling,CN,30.93,117.81,Sun Mar 31 11:23:17 2019,44.62,73,5.39,0
Birjand,IR,32.86,59.22,Sun Mar 31 11:00:00 2019,64.4,25,6.93,40
Guzelyurt,TR,38.28,34.37,Sun Mar 31 10:50:00 2019,44.85,87,11.41,75
Manono,CD,-7.3,27.4,Sun Mar 31 11:23:17 2019,73.96,86,7.74,44
Kanniyakumari,IN,8.08,77.57,Sun Mar 31 11:22:54 2019,85.3,97,11.77,0
Zlobin,HR,45.29,14.65,Sun Mar 31 11:22:52 2019,58.77,47,4.7,0
Vardo,US,39.62,-77.74,Sun Mar 31 11:23:13 2019,49.59,43,20.8,20
Sheboygan,US,43.75,-87.71,Sun Mar 31 11:20:08 2019,32.7,37,17.22,20
Saint-Francois,FR,46.42,3.91,Sun Mar 31 11:16:27 2019,65.71,34,8.05,0
Boende,CD,-0.28,20.88,Sun Mar 31 11:23:19 2019,83.5,73,2.93,24
Warsaw,PL,52.23,21.01,Sun Mar 31 11:21:59 2019,50.95,57,13.87,20
Gorontalo,ID,0.54,123.06,Sun Mar 31 11:23:02 2019,72.52,97,1.92,80
Tautira,PF,-17.73,-149.15,Sun Mar 31 11:22:22 2019,80.26,78,3.36,20
Goderich,CA,43.74,-81.71,Sun Mar 31 11:18:58 2019,26.26,92,5.01,80
Dymytrove,UA,48.26,37.05,Sun Mar 31 11:23:20 2019,45.61,69,2.71,0
Bima,ID,-8.45,118.73,Sun Mar 31 11:23:21 2019,74.05,100,2.26,80
Strezhevoy,RU,60.73,77.6,Sun Mar 31 10:30:00 2019,32.0,87,11.18,75
Tilichiki,RU,60.47,166.1,Sun Mar 31 11:23:21 2019,31.84,89,10.2,88
Magan,RU,62.1,129.53,Sun Mar 31 10:30:00 2019,1.4,77,6.71,0
Csakvar,HU,47.39,18.46,Sun Mar 31 11:21:22 2019,62.8,29,11.41,0
Zonguldak,TR,41.25,31.83,Sun Mar 31 11:24:22 2019,41.29,93,5.73,8
Beidao,CN,34.57,105.89,Sun Mar 31 11:24:22 2019,40.39,55,4.94,32
Greensboro,US,36.07,-79.79,Sun Mar 31 11:22:29 2019,58.19,44,17.22,75
Zhumadian,CN,33.01,114.02,Sun Mar 31 11:24:23 2019,43.18,56,6.4,0
Lata,IN,30.78,78.62,Sun Mar 31 11:24:23 2019,45.07,56,2.59,0
Valparaiso,US,41.47,-87.06,Sun Mar 31 11:20:59 2019,32.07,54,20.8,40
Machinga,MW,-15.18,35.3,Sun Mar 31 11:24:24 2019,72.7,64,3.49,12
Gizo,IL,31.8,34.94,Sun Mar 31 11:23:18 2019,55.26,76,8.05,75
Lebedinyy,RU,58.52,125.52,Sun Mar 31 11:24:24 2019,15.73,79,2.37,80
Gravelbourg,CA,49.88,-106.56,Sun Mar 31 11:24:25 2019,35.8,59,6.51,24
Formosa,AR,-26.19,-58.17,Sun Mar 31 10:00:00 2019,78.8,78,7.63,90
Keelung,TW,25.13,121.74,Sun Mar 31 11:23:29 2019,62.78,87,17.22,75
Amapa,HN,15.09,-87.97,Sun Mar 31 11:20:52 2019,88.32,48,8.05,20
Samfya,ZM,-11.37,29.56,Sun Mar 31 11:24:26 2019,76.39,54,8.97,44
Makakilo City,US,21.35,-158.09,Sun Mar 31 11:23:47 2019,66.52,88,4.7,1
Serebryansk,KZ,49.68,83.3,Sun Mar 31 11:24:26 2019,37.87,96,2.15,88
Santiago del Estero,AR,-27.8,-64.26,Sun Mar 31 11:24:26 2019,76.48,99,2.93,80
Moroni,US,39.52,-111.59,Sun Mar 31 11:24:08 2019,44.56,49,2.93,0
Ekhabi,RU,53.51,142.97,Sun Mar 31 11:24:27 2019,9.43,76,10.2,76
Meadow Lake,CA,54.13,-108.44,Sun Mar 31 10:00:00 2019,28.4,68,5.82,75
Ejea de los Caballeros,ES,42.13,-1.14,Sun Mar 31 11:20:16 2019,53.44,50,10.29,100
Galle,US,29.74,-97.91,Sun Mar 31 11:24:22 2019,47.61,49,14.99,20
Norrtalje,SE,59.76,18.7,Sun Mar 31 11:23:36 2019,41.45,30,13.87,0
Lillooet,CA,50.69,-121.94,Sun Mar 31 11:00:00 2019,42.12,65,4.7,1
Salcia,MD,46.94,29.17,Sun Mar 31 11:15:10 2019,59.74,36,2.24,0
Tendo,JP,38.35,140.4,Sun Mar 31 11:01:45 2019,36.0,79,2.48,64
Lewistown,US,40.39,-90.15,Sun Mar 31 11:24:24 2019,36.1,47,9.17,1
Eureka,US,40.8,-124.16,Sun Mar 31 11:22:06 2019,51.31,87,5.82,90
La Union,GT,14.97,-89.29,Sun Mar 31 11:24:30 2019,84.76,42,2.37,0
Carnduff,CA,49.17,-101.8,Sun Mar 31 11:17:21 2019,37.0,66,17.0,0
Ust-Maya,RU,60.42,134.54,Sun Mar 31 11:24:31 2019,3.22,63,3.49,0
Zyryanovsk,KZ,49.74,84.27,Sun Mar 31 11:24:31 2019,34.63,92,1.92,88
Luba,PH,17.32,120.7,Sun Mar 31 11:24:31 2019,71.35,90,3.15,64
Aneby,SE,57.84,14.81,Sun Mar 31 11:20:05 2019,37.42,32,6.93,0
Matadi,CD,-5.83,13.46,Sun Mar 31 11:24:32 2019,82.33,81,3.27,64
Muisne,EC,0.61,-80.02,Sun Mar 31 10:00:00 2019,75.2,100,8.05,90
Chiredzi,ZW,-21.05,31.67,Sun Mar 31 11:24:33 2019,77.02,70,6.4,0
Conceicao do Araguaia,BR,-8.26,-49.26,Sun Mar 31 11:24:33 2019,83.5,99,5.95,12
Bonavista,CA,48.65,-53.11,Sun Mar 31 11:16:31 2019,37.99,86,1.99,8
Gunjur,GM,13.18,-16.76,Sun Mar 31 11:00:00 2019,82.4,51,13.87,0
Palmer,US,61.6,-149.11,Sun Mar 31 11:20:05 2019,30.78,80,4.7,75
Villa Carlos Paz,AR,-31.42,-64.5,Sun Mar 31 11:01:17 2019,73.76,88,12.75,75
Canon City,US,39.46,-117.13,Sun Mar 31 11:24:34 2019,45.79,25,3.6,0
Cafarnaum,BR,-11.69,-41.47,Sun Mar 31 11:24:35 2019,83.86,56,11.21,44
Manta,RO,45.1,24.1,Sun Mar 31 11:24:35 2019,48.31,73,3.71,0
Pisco,PE,-13.71,-76.2,Sun Mar 31 10:00:00 2019,71.6,30,19.46,0
Kakonko,TZ,-3.28,30.97,Sun Mar 31 11:24:36 2019,66.13,89,6.17,24
Los Llanos de Aridane,ES,28.66,-17.92,Sun Mar 31 11:21:08 2019,64.78,60,6.93,75
Novikovo,UA,45.05,34.56,Sun Mar 31 11:24:36 2019,41.83,89,6.17,0
Northam,GB,51.04,-4.21,Sun Mar 31 11:22:08 2019,52.77,81,10.29,75
Grand Baie,MU,-20.02,57.58,Sun Mar 31 11:19:02 2019,78.76,78,4.7,20
Walvis Bay,NA,-22.95,14.51,Sun Mar 31 11:02:07 2019,81.7,28,18.34,0
Wageningen,NL,51.98,5.66,Sun Mar 31 11:24:37 2019,51.49,50,13.87,0
Katsina,NG,12.99,7.6,Sun Mar 31 11:24:38 2019,92.23,16,8.19,8
Peachland,CA,49.77,-119.75,Sun Mar 31 11:24:01 2019,47.17,56,3.36,20
Ambanja,MG,-13.68,48.45,Sun Mar 31 11:24:38 2019,70.81,95,2.15,24
Vestmannaeyjar,IS,63.44,-20.27,Sun Mar 31 11:00:00 2019,39.2,93,19.46,90
Immokalee,US,26.42,-81.42,Sun Mar 31 11:24:30 2019,80.56,42,6.93,90
Souillac,FR,45.6,-0.6,Sun Mar 31 11:20:53 2019,68.95,28,11.41,0
Turayf,SA,31.68,38.65,Sun Mar 31 11:00:00 2019,51.8,81,10.29,90
Cuencame,MX,24.87,-103.7,Sun Mar 31 11:23:29 2019,67.12,40,8.63,12
Sovetskiy,RU,56.76,48.47,Sun Mar 31 11:25:40 2019,35.53,87,16.69,48
Serenje,ZM,-13.23,30.22,Sun Mar 31 11:25:40 2019,70.9,50,9.42,0
Sisimiut,GL,66.94,-53.67,Sun Mar 31 11:25:40 2019,17.35,94,3.71,64
Fuling,CN,29.71,107.39,Sun Mar 31 11:25:41 2019,54.07,95,2.71,92
Laives,FR,46.65,4.85,Sun Mar 31 11:21:33 2019,65.8,36,14.99,0
Camara de Lobos,PT,32.63,-16.97,Sun Mar 31 11:23:05 2019,62.46,59,3.36,20
Manyana,AU,-35.26,150.51,Sun Mar 31 11:17:50 2019,51.28,71,10.29,68
Kaeo,NZ,-35.1,173.78,Sun Mar 31 11:08:09 2019,66.99,96,15.68,100
Lusambo,CD,-4.97,23.44,Sun Mar 31 11:25:42 2019,80.89,75,2.59,8
Mindif,CM,10.4,14.44,Sun Mar 31 11:25:42 2019,88.63,23,6.17,0
Pandan,PH,11.72,122.09,Sun Mar 31 11:25:43 2019,80.08,99,18.25,0
Ashland,US,38.48,-82.64,Sun Mar 31 11:24:00 2019,40.55,60,10.29,75
Newnan,US,33.38,-84.8,Sun Mar 31 11:25:05 2019,48.33,61,11.41,40
Lasa,CY,34.92,32.53,Sun Mar 31 11:18:45 2019,54.59,82,1.12,75
Alekseyevsk,RU,57.84,108.35,Sun Mar 31 11:25:44 2019,17.17,75,3.49,44
Dingle,PH,11.0,122.67,Sun Mar 31 11:25:45 2019,75.76,74,11.88,0
Den Helder,NL,52.96,4.76,Sun Mar 31 11:25:15 2019,47.59,65,19.46,20
Marsa Matruh,EG,31.35,27.25,Sun Mar 31 10:00:00 2019,59.0,54,13.87,75
Tyrma,RU,50.04,132.17,Sun Mar 31 11:25:45 2019,2.95,53,2.15,0
Starovelichkovskaya,RU,45.43,38.72,Sun Mar 31 11:20:44 2019,50.74,42,8.95,0
Puerto Carreno,CO,6.19,-67.49,Sun Mar 31 10:00:00 2019,87.8,74,4.7,75
Port Hueneme,US,34.15,-119.2,Sun Mar 31 11:25:41 2019,73.62,23,14.99,20
Nara,JP,34.68,135.8,Sun Mar 31 11:23:26 2019,42.93,65,17.22,20
Sitangkai,PH,4.66,119.39,Sun Mar 31 11:25:47 2019,81.7,100,7.96,12
Amberley,NZ,-43.15,172.73,Sun Mar 31 11:25:15 2019,62.19,88,14.99,92
